timestep,agent_name,actor_type,actor_id,event_type,event_detail,offer_id,bank_id,product_id,visibility,reasoning_summary,action_sequence,intra_timestep_sequence,action_id,depends_on_action_id,source_snapshot_timestep,committed_timestep,validation_status,validation_errors,repair_notes,raw_row_json
2,marketplace_agent,marketplace,loan_marketplace,new_offer,New Offer: Large Personal Loan by B001,B001-L3,,,public,,12,12,marketplace-2-12,,1,2,,,,
2,marketplace_agent,marketplace,loan_marketplace,new_offer,New Offer: Medium Personal Loan by B001,B001-L2,,,public,,13,13,marketplace-2-13,,1,2,,,,
2,marketplace_agent,marketplace,loan_marketplace,new_offer,New Offer: Commerzbank Personal Loan by B002,B002-L001,,,public,,14,14,marketplace-2-14,,1,2,,,,
2,marketplace_agent,marketplace,loan_marketplace,new_offer,New Offer: Sparkasse Personal Loan by B005,B005_O1,,,public,,15,15,marketplace-2-15,,1,2,,,,
2,marketplace_agent,marketplace,loan_marketplace,new_offer,New Offer: Sparkasse Personal Loan Plus by B005,B005_O2,,,public,,16,16,marketplace-2-16,,1,2,,,,
2,marketplace_agent,marketplace,loan_marketplace,new_offer,New Offer: VR-KleinKredit by B006,B006-O-1,,,public,,17,17,marketplace-2-17,,1,2,,,,
2,marketplace_agent,marketplace,loan_marketplace,new_offer,New Offer: VR-FlexiKredit by B006,B006-O-2,,,public,,18,18,marketplace-2-18,,1,2,,,,
2,marketplace_agent,marketplace,loan_marketplace,new_offer,New Offer: Targobank Personal Loan by B007,B007-O001,,,public,,19,19,marketplace-2-19,,1,2,,,,
2,marketplace_agent,marketplace,loan_marketplace,new_offer,New Offer: Targobank Small Business Loan by B007,B007-O002,,,public,,20,20,marketplace-2-20,,1,2,,,,
