timestep,agent_name,actor_type,actor_id,news_type,headline,event_detail,market,affected_segments,affected_products,severity,visibility,reasoning_summary,action_sequence,intra_timestep_sequence,action_id,depends_on_action_id,source_snapshot_timestep,committed_timestep,validation_status,validation_errors,repair_notes,raw_row_json
1,world_news_agent,world,world_news,market_news,German Government Unveils Stimulus Package to Bolster Economy,"The German government has announced a comprehensive stimulus package aimed at revitalizing the nation's economy amidst growing concerns of a slowdown. The package includes tax cuts for businesses, investments in digital infrastructure, and subsidies for green energy projects. Economists are optimistic that the measures will help to stave off a recession and promote long-term growth.",Germany,,,,public,,1,1,world_news-1-world_news-606,,0,1,,,,
2,world_news_agent,world,world_news,market_news,German Regulator Signals Tighter Scrutiny on Consumer Lending,"The German financial regulator, BaFin, has indicated it may introduce stricter guidelines for consumer lending offered by banks and fintech companies. This comes amid concerns about rising household debt levels and the potential for an increase in defaults. The proposed measures could include more stringent affordability checks and limits on loan-to-income ratios.",Germany,,,,public,,1,1,world_news-2-world_news-24907,,1,2,,,,
2,world_news_agent,world,world_news,market_news,"German Inflation Unexpectedly Rises, Putting Pressure on ECB","Germany's annual inflation rate rose to 2.8% in the latest reading, exceeding economists' expectations. The increase was driven by higher energy and food prices. This development is likely to intensify the debate within the European Central Bank (ECB) regarding the future of its monetary policy.",Germany,,,,public,,1,1,world_news-2-world_news-44340,,1,2,,,,
2,world_news_agent,world,world_news,market_news,"Study Shows German Consumers Increasingly Using ""Buy Now, Pay Later""","A new report from the German Retail Association (HDE) reveals a significant uptick in the use of ""Buy Now, Pay Later"" (BNPL) services among German consumers, especially for online purchases. The convenience of these services is a major draw, but consumer protection groups are raising concerns about the potential for shoppers to accumulate debt.",Germany,,,,public,,1,1,world_news-2-world_news-73511,,1,2,,,,
3,world_news_agent,world,world_news,market_news,German Inflation Rate Rises Unexpectedly,"The German annual inflation rate rose to 3.5% in the last quarter, driven by increasing energy and food prices. This has led to speculation that the European Central Bank may consider a more aggressive monetary policy.",Germany,,,,public,,1,1,world_news-3-world_news-69312,,2,3,,,,
3,world_news_agent,world,world_news,market_news,DAX Index Experiences Volatility,"The DAX index saw a 2% drop this week, largely influenced by a global sell-off in technology stocks. Investors are moving towards more traditionally stable assets.",Germany,,,,public,,1,1,world_news-3-world_news-16909,,2,3,,,,
3,world_news_agent,world,world_news,market_news,New Regulation on Consumer Lending Proposed,The German government has proposed new regulations aimed at tightening lending standards for consumers. The proposal includes stricter income verification processes and a cap on debt-to-income ratios.,Germany,,,,public,,2,2,world_news-3-world_news-38103,,2,3,,,,
4,world_news_agent,world,world_news,market_news,German Government Unveils New Stimulus Package to Bolster Consumer Confidence,"The German finance ministry has announced a new multi-billion euro stimulus package aimed at boosting consumer spending and confidence in the face of rising inflation. The package includes tax cuts for low and middle-income families, as well as subsidies for energy-efficient home renovations. Economists believe this will lead to a short-term increase in demand for consumer loans and other credit products.",Germany,,,,public,,1,1,world_news-4-world_news-57854,,3,4,,,,
5,world_news_agent,world,world_news,market_news,German Inflation Spikes Unexpectedly,"Germany's inflation rate has surged to a new high, driven by rising energy and food prices. This unexpected spike is putting pressure on the European Central Bank to take more aggressive action.",Germany,,,,public,,1,1,world_news-5-world_news-7436,,4,5,,,,
6,world_news_agent,world,world_news,market_news,Economic Slowdown in Germany,"Recent economic data from Germany suggests a significant slowdown in the country's growth. The manufacturing sector, a cornerstone of the German economy, has seen a notable contraction in output. This has been attributed to a combination of factors, including supply chain disruptions, soaring energy prices, and weakening global demand for German goods. The DAX, Germany's benchmark stock market index, has reacted negatively to the news, with several major industrial stocks experiencing a downturn. Economists are now forecasting a period of stagnation, with potential implications for employment and consumer spending. The German government is under pressure to implement measures to support the economy and mitigate the impact of the slowdown.",Germany,,,,public,,1,1,world_news-6-world_news-71065,,5,6,,,,
7,world_news_agent,world,world_news,market_news,German Government Announces New Consumer Protection Laws for Lending,"The German government has unveiled a new set of consumer protection laws aimed at the lending sector. These laws are designed to increase transparency in lending practices, cap interest rates on short-term loans, and provide more robust support for individuals facing financial hardship. The move is expected to have a significant impact on both lenders and borrowers in the German market.",Germany,,,,public,,1,1,world_news-7-world_news-68411,,6,7,,,,
8,world_news_agent,world,world_news,market_news,German Manufacturing Sector Shows Signs of Slowdown,"Recent data indicates a contraction in Germany's manufacturing PMI, suggesting a potential slowdown in the industrial sector. This is attributed to supply chain disruptions and weakening global demand. Economists are closely monitoring the situation for its potential impact on GDP growth.",Germany,,,,public,,1,1,world_news-8-world_news-11812,,7,8,,,,
9,world_news_agent,world,world_news,market_news,German Regulator BaFin Warns of Growing Risks in Consumer Lending,The German Federal Financial Supervisory Authority (BaFin) has issued a warning regarding the increasing risks associated with consumer lending in the country. The regulator pointed to rising household indebtedness and the potential for a downturn in the economic cycle as key concerns. BaFin has urged banks to tighten their lending standards and build up capital buffers to mitigate potential losses.,Germany,,,,public,,1,1,world_news-9-world_news-29188,,8,9,,,,
